Tourist_destination,image_link,description
삼락생태공원,https://search.pstatic.net/common/?src=https%3A%2F%2Fpup-review-phinf.pstatic.net%2FMjAyMzA2MDVfODUg%2FMDAxNjg1OTUyNzg0MDc5.w26S_YhjWAZKjtETvPGVvm4fD7ZF4ga0aqbZdrjsnUAg.ZRF2sj77UvycZTjhk1SZ3cSv8mdB1gRjakFnPZWDZJgg.JPEG%2F20230605_152020.jpg,
부산서부사상버스터미널,https://panorama.map.naver.com/api/v2/thumbnail/21419233/0?width=800&height=400,
부산시민공원,https://search.pstatic.net/common/?src=https%3A%2F%2Fldb-phinf.pstatic.net%2F20180119_126%2F15163234027025yz4F_JPEG%2FT45n8pkwss5iicWv5bIUJCRN.jpg,
서면시장,https://search.pstatic.net/common/?src=https%3A%2F%2Fldb-phinf.pstatic.net%2F20150831_108%2F1441024767905LGgs6_JPEG%2F116351545552136_0.jpg,
전포카페거리,https://search.pstatic.net/common/?src=http%3A%2F%2Fblogfiles.naver.net%2FMjAxODEyMjNfMzIg%2FMDAxNTQ1NTU2NDg3NTgw.fZJ5OhUZ2arw6gEuTEBDuawHAxfMIfkx5q3CFqPGVUUg.22DCKhjxVaXsIOfIhe7JAr4iWoWXWHmovO_aHenDmRsg.JPEG.myssosso%2F%25C0%25FC%25C6%25F7%25C4%25AB%25C6%25E4%25B0%25C5%25B8%25AE.jpg%231000x677,
화명생태공원,https://search.pstatic.net/common/?src=http%3A%2F%2Fblogfiles.naver.net%2FMjAxOTEwMTRfOTcg%2FMDAxNTcxMDA1ODM4NzA2.GYFmoZvhbfJnzG-0CZnill7bzxUwDrA9D-ZR4JpBHzIg.m0L_otlGO974alf7Lo1wD5BcGZxW4cUH-CkfMNjrXNwg.JPEG.tatch03%2FDSC_1976.jpg%231200x800,
해운대블루라인파크 미포정거장,https://search.pstatic.net/common/?src=http%3A%2F%2Fblogfiles.naver.net%2FMjAyMjExMDZfMTg1%2FMDAxNjY3NzQxNzI5MjYw.vyLzgPQbRqoCwJryCtN0sC-8tH6z6E2uorvML47rLGgg.sDqILJdnxoxvESu09xwM-ZebixLYO91-GH3NKslmX8Eg.JPEG.p_radn%2FIMG_4671-1.jpg,
해리단길,https://search.pstatic.net/common/?src=http%3A%2F%2Fblogfiles.naver.net%2FMjAyMzA0MDFfNjQg%2FMDAxNjgwMjgwMDYxNzQ4.VuEOck33ef9dMwP7DQeKZpVQSbJBZUuKJBURZ6eODp0g.fGqtEJvxs2tZNSyBa3OekAx8KQcCC02ke24-Bgvo9okg.JPEG.sky_blue0127%2F20230329_171833.jpg,
신세계백화점 센텀시티점,https://mblogthumb-phinf.pstatic.net/20160721_226/lhkny96_1469083161624FDKGa_JPEG/9d29ec7175123747540f7351edf159f45b07c3c716b583f27c5b9177b4e43a07.jpg?type=w800,
광안리해수욕장,https://search.pstatic.net/common/?src=https%3A%2F%2Fldb-phinf.pstatic.net%2F20150831_291%2F1440992293098C6Wut_JPEG%2F157155537130145_0.jpg,
민락수변공원,https://search.pstatic.net/common/?src=https%3A%2F%2Fldb-phinf.pstatic.net%2F20150831_62%2F1441005477475qaRjj_JPEG%2F106875543652790_0.jpg,
유엔평화기념관,https://search.pstatic.net/common/?src=https%3A%2F%2Fldb-phinf.pstatic.net%2F20180208_167%2F15180656339007UtSW_JPEG%2FgPcy64ZIUPmVD52q0VgOpLXv.JPG.jpg,
범어사,https://search.pstatic.net/common/?src=https%3A%2F%2Fldb-phinf.pstatic.net%2F20230124_186%2F1674530950671IDOCN_JPEG%2F%25C5%25A9%25B1%25E2%25BA%25AF%25C8%25AF%25B9%25FC%25BE%25EE%25BB%25E7_%25C1%25B6%25B0%25E8%25B9%25AE-%25BC%25F6%25C1%25A4.jpg,
금강식물원,https://search.pstatic.net/common/?src=http%3A%2F%2Fblogfiles.naver.net%2FMjAyMzA3MDVfNjQg%2FMDAxNjg4NTYxMzc5MTU5.2doO6_IYAKQAIIH4bxdt7b8rmzezoOyOUvGn9EkK_QEg.8LrFCyoPFdAbKu2nAi2gH_G8Pee36wgkiUg0fDQs23Ig.JPEG.sungho0222%2FDSCF3211.JPG,
회동마루,https://search.pstatic.net/common/?src=https%3A%2F%2Fldb-phinf.pstatic.net%2F20190416_120%2F1555385091187hK762_JPEG%2F8zJPeacYCVaTYAzqkOdtK7EA.JPG.jpg,
금정산성,https://search.pstatic.net/common/?src=http%3A%2F%2Fblogfiles.naver.net%2FMjAyMzA1MjNfMjky%2FMDAxNjg0ODAyMDU3NTI4.zLiFa8dDdXnxWKUvNqIDetCXw7ARFc4mCmWJFtd8ynkg.0REUF3ozF0C6P0zMulGE7Z8Qfw-mBRovV9pLHBOSdJ4g.JPEG.artivxn%2F20230521%25A3%25DF181340.jpg,
황령산,https://search.pstatic.net/common/?src=https%3A%2F%2Fpup-review-phinf.pstatic.net%2FMjAyMzA2MDhfMTc4%2FMDAxNjg2MjIyMzQxOTk5.yMcHfox2Oz6GlJdtd5PbeC5h3d9EHLN24BfhyRe8Soog.AhSSufsLw7WAZIVUPVALoXFRWm2G4srQK56BFEw4IXEg.JPEG%2F45ED9AA4-1DA2-4AEF-855B-057330C7E8CB.jpeg,
연산동고분군,https://search.pstatic.net/common/?src=http%3A%2F%2Fblogfiles.naver.net%2FMjAxOTA1MjJfMjgx%2FMDAxNTU4NTA3MzIyNjg4.mtRbuYD1KLz4xYdSbCABBxzNnvOeC6C5Itcb-MApY2sg.r3nL0WVyPTeR4zjpaoRgurJDXNswFvwOC8k7Gp_N148g.JPEG.sunmy789%2F20190522_130205.jpg&type=sc960_832,
감천문화마을,https://search.pstatic.net/common/?src=https%3A%2F%2Fpup-review-phinf.pstatic.net%2FMjAyMzA2MjdfMTYx%2FMDAxNjg3ODY3NDU1NzA1.YBjG35Gutn9LHml5yCQWR45LGDbGQ1x3bYVwnuNn6z8g.JsR5nvgeM_rI5otbiyGeC4tdO1fmMvlNddIEBmpDnxkg.JPEG%2F%25C3%25AC%25C2%25B9%25C2%25B4%25C3%25AC%25C2%25B9%25C2%25B4%25C3%25AC%25C2%2598%25C2%25A4%25C3%25AC%25C2%258A%25C2%25A4%25C3%25AD%25C2%2586%25C2%25A0%25C3%25AB%25C2%25A6%25C2%25AC_2023_06_26_18_04_09.jpg,
을숙도,https://search.pstatic.net/common/?src=http%3A%2F%2Fblogfiles.naver.net%2FMjAyMzA1MjlfMTcx%2FMDAxNjg1MzY5NjE4NDc3.Fox1PY7qyrPHnkRZngDyllG2CarufjS16hOEzciy88og.NNVGd9jl7qDjjiXsdEZBQi4fGzmKSAkajm3TVzqLt5wg.JPEG.ilovedys%2FIMG_6355.JPG,
부산송도해수욕장,https://search.pstatic.net/common/?src=https%3A%2F%2Fpup-review-phinf.pstatic.net%2FMjAyMzA3MDFfMTUy%2FMDAxNjg4MTc5OTMyODc3.Ljbyevcjrd94jgWsAI2ldJoBHSvBU8LyiuuqRgNGJ3Yg.nN5mHXIhTTkdyaYAhb7w7nhv-peC5rUI_TaPIcqEAdog.JPEG%2F20230630_135942.jpg.jpg,
암남공원,https://search.pstatic.net/common/?src=http%3A%2F%2Fblogfiles.naver.net%2FMjAyMzA2MDVfMTEx%2FMDAxNjg1OTc0NTU5ODM5.qAgm-MaFtpFuB6VbYNKbGKZWQwCxbvNOmJCAIMLYeDEg.GXmY7An5KfVX_XaEhbHlRaWWdxZ9LGIY4NvYKYgYNIYg.JPEG.ohgippeum%2F20230604%25A3%25DF153450.jpg,
비프광장,https://search.pstatic.net/common/?src=http%3A%2F%2Fblogfiles.naver.net%2FMjAxNzExMjFfMjM0%2FMDAxNTExMjc0ODgxMTI4.ia3i55dLlWRABsTku_NuhhUu9SQf_Y66bo33bfkUTu8g.a3Tf4ImoZwPItS3o1tITfhg7SIzyq4jXwJnEvuSi-28g.JPEG.malovets%2FKakaoTalk_20171121_231241218.jpg%23720x550,
부산타워,https://search.pstatic.net/common/?src=https%3A%2F%2Fldb-phinf.pstatic.net%2F20220208_253%2F164429064524519uAB_JPEG%2F22DBE8D1-C723-4BFA-A03B-73D8F97937B6.jpeg,
차이나타운,https://search.pstatic.net/common/?src=https%3A%2F%2Fldb-phinf.pstatic.net%2F20150206_248%2F1423212608817kHzrE_JPEG%2F%25BA%25CE%25BB%25EA_%25C2%25F7%25C0%25CC%25B3%25AA%25C5%25B8%25BF%25EE_3.JPG%3Ftype%3Dm500_500,
유치환의 우체통,https://search.pstatic.net/common/?src=http%3A%2F%2Fblogfiles.naver.net%2FMjAyMzA3MDRfODUg%2FMDAxNjg4NDE0OTY1MDYz.ypI3ad7y1Y15af87sqTvm9WnyYqul_dSa1wXKCtqRcQg.pXyUX8zjsiqvttYTIgfg0arvAA_1ZOGlYm3eAxeRAHMg.JPEG.write0137%2F20230702%25A3%25DF152624.jpg,
이중섭거리,https://search.pstatic.net/common/?src=http%3A%2F%2Fblogfiles.naver.net%2FMjAxODAxMTBfMTIw%2FMDAxNTE1NTMxNjQ0MzQ2.g68cU8xh3dhSjMAddNHmxaW_MspkBTsp9raFojklx1Qg.TPNW4avROAMJ1z1-wU-KGE79F7s-W2h_DGG79ezLZ-Ag.PNG.kangculuug%2F11.png%23737x534,
문화공감수정,https://search.pstatic.net/common/?src=http%3A%2F%2Fblogfiles.naver.net%2FMjAyMzA1MjFfMjQz%2FMDAxNjg0Njc0MTk1MTY0.NfzORLXNIFvOoluE1xcU9mqP3_iszP2YGtEhDTQP3bAg.wc1D2u8zohCq278dqHOjWllkJ1jBwd_CBtpXKEfIS3og.JPEG.jxhm_0815%2FIMG_4011.jpg,
흰여울문화마을,https://search.pstatic.net/common/?src=https%3A%2F%2Fldb-phinf.pstatic.net%2F20171228_29%2F1514451152168O2NgK_JPEG%2FR9x_VRwE6Isknrrc2jw5ftNA.jpg,
부산대교,https://search.pstatic.net/common/?src=http%3A%2F%2Fblogfiles.naver.net%2FMjAxODEwMjVfMjc0%2FMDAxNTQwNDM4NDE1Mzk1.kvIaAgYisu5w60tmjw31lkEkxIrc24lBR4-nUmEU4Ocg.6PlyGO6OLDxkhhq4050DoFG2V_4se2Wscg-XfGCfYscg.JPEG.unclec%2F%25B3%25B2%25C6%25F7%25B5%25BF%25BF%25AA%25C0%25CE%25B1%25D9_%25284_-_7%2529.jpg&type=sc960_832,
온천천카페거리,https://search.pstatic.net/common/?src=http%3A%2F%2Fblogfiles.naver.net%2FMjAyMzAzMzFfMTk4%2FMDAxNjgwMjI0ODg0MDQ1.NfkIkUvrY2SLxkm1cXIwXZUwBZhUrpG60yLNcWslFZcg.iNEfUr0tR-Aih9IAPc0galxoMcOrFKsPqpfncAbPkgQg.JPEG.weo387%2FIMG_3870.jpg,
충렬사,https://search.pstatic.net/common/?src=https%3A%2F%2Fldb-phinf.pstatic.net%2F20150206_100%2F1423206953798m9NcQ_JPEG%2F%25BA%25CE%25BB%25EA_%25C3%25E6%25B7%25C4%25BB%25E7_4.JPG%3Ftype%3Dm500_500,
부산아시아드조각광장,https://search.pstatic.net/common/?src=http%3A%2F%2Fblogfiles.naver.net%2FMjAyMzA1MTVfMTIz%2FMDAxNjg0MDk1MDYyNTY4.eZ5Gp26kJbCawtV3w0i-Lx11AYmSNMGe6U81V9CWoo4g.iUtYDtwq-6u7lq_wJqmy0QbKqKFhVMvlJq4n26LwU24g.JPEG.hyechon49%2F20230514%25A3%25DF102806.jpg,